wt,mut
4.265578,2.62074812
5.729606,4.47734333
6.986248,2.35549868
5.627592,1.0975801
4.029611,3.15634345
6.400699,3.53825346
5.320026,2.44882777
5.383066,1.28216536
7.513033,2.28982675
5.695109,1.59331693
7.113627,0.8239374
6.169842,1.02419661
5.351652,0.95631706
5.948174,1.86211638
7.027688,4.47594756
4.777579,1.43055174
5.315334,0.45920407
4.293059,0.76108593
5.514648,8.76304102
5.945896,1.28143358
7.420847,3.0543598
7.926581,2.66092325
7.770718,1.4618255
5.577362,0.62698802
6.335926,1.76303503
6.303735,0.38152473
5.520405,1.90364787
7.250183,1.23327496
4.084303,1.62188927
5.408921,0.67871753
6.054233,2.48280737
6.109643,2.69440857
6.344439,3.74254999
6.779494,1.22736584
6.865851,0.91877297
5.514924,1.02179813
7.148128,1.96380865
4.631221,0.07764211
5.3209,1.81185416
6.229239,3.38746312
6.723662,13.18630961
5.835628,6.28872177
5.083388,1.51334515
5.189391,3.15111488
4.176638,2.43752916
5.336638,2.30944716
6.452866,1.4640848
6.109179,3.89866434
5.460672,2.73012704
5.815049,0.2125481
6.411192,0.15966945
5.768583,0.30567185
5.804459,3.89665049
5.493157,2.83441486
5.27744,1.63811941
5.59902,1.6158686
4.609326,1.44461045
6.529047,0.73361462
7.429821,1.5200093
4.00682,3.59929511
6.507735,0.59493026
4.640609,3.21518812
6.170642,3.84727596
5.353458,6.27997718
3.015935,4.32249615
6.429244,3.43626768
5.799314,0.79391319
6.590871,2.63907895
9.049758,0.47840984
8.180693,1.64243871
5.266252,1.03577838
8.058116,1.1349962
5.953919,0.48491335
6.39773,3.92974733
5.246853,4.28893133
5.793869,3.22560062
8.135768,5.12401059
6.774519,1.39397045
7.609792,2.70028892
5.41847,2.91284251
6.651151,0.91187163
7.039291,1.16502409
6.692452,0.60290437
7.495009,1.98649884
5.364429,2.158354
6.754466,2.92368786
6.816865,5.23812011
5.313862,0.79371541
4.697963,0.65624406
5.531507,4.13016656
4.594235,1.15418714
6.330675,0.64660632
4.322395,1.86529646
4.604443,1.82818396
6.845973,2.45131565
5.902255,1.28725295
5.670431,0.86110032
8.566882,2.10511707
5.040776,2.96005963
4.317478,3.21511539